product_code,customer_code,market_code,order_date,sales_qty,sales_amount,currency,profit_margin_percentage,profit_margin,cost_price
Prod279,Cus020,Mark011,2017-10-11,1,102,INR,0.39,39.78,62.22
Prod279,Cus020,Mark011,2017-10-18,1,102,INR,-0.12,-12.24,114.24
Prod279,Cus020,Mark011,2017-10-19,1,102,INR,0.29,29.58,72.42
Prod279,Cus020,Mark011,2017-11-08,1,102,INR,0.36,36.72,65.28
Prod279,Cus020,Mark011,2018-03-09,1,102,INR,-0.35,-35.7,137.7
Prod279,Cus020,Mark011,2018-03-20,1,102,INR,0.26,26.52,75.48
Prod279,Cus020,Mark011,2018-03-22,1,102,INR,-0.35,-35.7,137.7
Prod279,Cus020,Mark011,2018-03-23,1,102,INR,-0.35,-35.7,137.7
Prod279,Cus020,Mark011,2018-03-29,1,102,INR,0.34,34.68,67.32
Prod279,Cus020,Mark011,2018-04-16,1,102,INR,-0.06,-6.12,108.12
Prod279,Cus020,Mark011,2018-04-19,1,102,INR,0.28,28.56,73.44
Prod279,Cus020,Mark011,2018-05-02,1,102,INR,0.21,21.42,80.58
Prod279,Cus020,Mark011,2018-05-03,1,102,INR,0.19,19.38,82.62
Prod279,Cus020,Mark011,2018-05-10,1,102,INR,-0.18,-18.36,120.36
Prod279,Cus020,Mark011,2018-06-08,1,102,INR,-0.33,-33.66,135.66
Prod279,Cus020,Mark011,2018-06-14,1,102,INR,-0.27,-27.54,129.54
Prod279,Cus020,Mark011,2018-06-18,1,102,INR,-0.33,-33.66,135.66
Prod279,Cus020,Mark011,2018-06-29,1,102,INR,-0.33,-33.66,135.66
Prod279,Cus020,Mark011,2018-07-03,1,102,INR,0.18,18.36,83.64
Prod279,Cus020,Mark011,2018-07-09,1,102,INR,0.34,34.68,67.32
Prod279,Cus020,Mark011,2018-07-10,1,102,INR,-0.09,-9.18,111.18
Prod279,Cus020,Mark011,2018-07-12,1,102,INR,0.13,13.26,88.74
Prod279,Cus020,Mark011,2018-07-16,1,102,INR,0.38,38.76,63.24
Prod279,Cus020,Mark011,2018-07-27,1,102,INR,0.29,29.58,72.42
Prod279,Cus020,Mark011,2018-08-02,1,102,INR,-0.24,-24.48,126.48
Prod279,Cus020,Mark011,2018-08-09,1,102,INR,-0.01,-1.02,103.02
Prod279,Cus020,Mark011,2018-09-06,1,102,INR,0.33,33.66,68.34
Prod279,Cus020,Mark011,2018-09-13,1,102,INR,0.34,34.68,67.32
Prod279,Cus020,Mark011,2018-09-21,1,102,INR,-0.1,-10.2,112.2
Prod279,Cus020,Mark011,2018-09-25,1,102,INR,0.27,27.54,74.46
Prod279,Cus020,Mark011,2018-09-27,1,102,INR,0.25,25.5,76.5
Prod279,Cus020,Mark011,2018-10-03,1,102,INR,-0.12,-12.24,114.24
Prod279,Cus020,Mark011,2018-10-05,1,102,INR,-0.33,-33.66,135.66
Prod279,Cus020,Mark011,2018-10-10,1,102,INR,0.26,26.52,75.48
Prod279,Cus020,Mark011,2018-10-11,1,102,INR,-0.32,-32.64,134.64
Prod279,Cus020,Mark011,2018-10-19,1,102,INR,0.33,33.66,68.34
Prod279,Cus020,Mark011,2018-10-25,1,102,INR,0.08,8.16,93.84
Prod279,Cus020,Mark011,2018-10-26,1,102,INR,0.01,1.02,100.98
Prod279,Cus020,Mark011,2018-10-31,1,102,INR,-0.01,-1.02,103.02
Prod279,Cus020,Mark011,2018-11-05,1,102,INR,0.15,15.3,86.7
Prod279,Cus020,Mark011,2018-11-07,1,102,INR,0.14,14.28,87.72
Prod279,Cus020,Mark011,2018-11-26,1,102,INR,-0.22,-22.44,124.44
Prod279,Cus020,Mark011,2019-04-16,1,102,INR,0.08,8.16,93.84
Prod279,Cus020,Mark011,2019-05-08,1,102,INR,-0.05,-5.1,107.1
Prod279,Cus020,Mark011,2019-05-13,1,102,INR,0.35,35.7,66.3
Prod279,Cus020,Mark011,2019-05-20,1,102,INR,0.24,24.48,77.52
Prod279,Cus020,Mark011,2019-06-03,1,102,INR,-0.14,-14.28,116.28
Prod279,Cus020,Mark011,2019-06-06,1,102,INR,0.01,1.02,100.98
Prod279,Cus020,Mark011,2019-06-19,1,102,INR,0.15,15.3,86.7
Prod279,Cus020,Mark011,2019-06-20,1,102,INR,0.1,10.2,91.8
Prod279,Cus020,Mark011,2019-06-28,1,102,INR,-0.25,-25.5,127.5
Prod279,Cus020,Mark011,2019-07-01,1,102,INR,-0.25,-25.5,127.5
Prod279,Cus020,Mark011,2019-07-12,1,102,INR,-0.17,-17.34,119.34
Prod279,Cus020,Mark011,2019-07-15,1,102,INR,0.1,10.2,91.8
Prod279,Cus020,Mark011,2019-07-17,1,102,INR,0.33,33.66,68.34
Prod279,Cus020,Mark011,2019-07-19,1,102,INR,-0.1,-10.2,112.2
Prod279,Cus020,Mark011,2019-07-24,1,102,INR,-0.19,-19.38,121.38
Prod279,Cus020,Mark011,2019-07-25,1,102,INR,-0.21,-21.42,123.42
Prod279,Cus020,Mark011,2019-07-30,1,102,INR,-0.3,-30.6,132.6
Prod279,Cus020,Mark011,2019-07-31,1,102,INR,0.37,37.74,64.26
Prod279,Cus020,Mark011,2019-08-02,1,102,INR,-0.09,-9.18,111.18
Prod279,Cus020,Mark011,2019-08-08,1,102,INR,-0.07,-7.14,109.14
Prod279,Cus020,Mark011,2019-08-27,1,102,INR,-0.05,-5.1,107.1
Prod279,Cus020,Mark011,2019-08-28,1,102,INR,0.17,17.34,84.66
Prod279,Cus020,Mark011,2019-09-06,1,102,INR,0.27,27.54,74.46
Prod279,Cus020,Mark011,2019-09-10,1,102,INR,0.14,14.28,87.72
Prod279,Cus020,Mark011,2019-09-12,1,102,INR,0.18,18.36,83.64
Prod279,Cus020,Mark011,2019-09-18,1,102,INR,-0.31,-31.62,133.62
Prod279,Cus020,Mark011,2019-09-19,1,102,INR,0.23,23.46,78.54
Prod279,Cus020,Mark011,2019-09-20,1,102,INR,0.09,9.18,92.82
Prod279,Cus020,Mark011,2019-10-11,1,102,INR,-0.24,-24.48,126.48
Prod279,Cus020,Mark011,2019-10-12,1,102,INR,0.16,16.32,85.68
Prod279,Cus020,Mark011,2019-10-14,1,102,INR,0.15,15.3,86.7
Prod279,Cus020,Mark011,2019-10-16,1,102,INR,0.26,26.52,75.48
Prod279,Cus020,Mark011,2019-10-21,1,102,INR,-0.24,-24.48,126.48
Prod279,Cus020,Mark011,2019-10-23,1,102,INR,0.35,35.7,66.3
Prod279,Cus020,Mark011,2019-11-11,1,102,INR,0.13,13.26,88.74
Prod279,Cus020,Mark011,2019-11-28,1,102,INR,0.22,22.44,79.56
Prod279,Cus020,Mark011,2019-12-04,1,102,INR,0.38,38.76,63.24
Prod279,Cus020,Mark011,2019-12-06,1,102,INR,0.26,26.52,75.48
Prod279,Cus020,Mark011,2019-12-11,1,102,INR,-0.31,-31.62,133.62
Prod279,Cus020,Mark011,2020-01-02,1,102,INR,0.14,14.28,87.72
Prod279,Cus020,Mark011,2020-01-08,1,102,INR,0.34,34.68,67.32
Prod279,Cus020,Mark011,2020-01-09,1,102,INR,-0.16,-16.32,118.32
Prod279,Cus020,Mark011,2020-01-10,1,102,INR,0.02,2.04,99.96
Prod279,Cus020,Mark011,2020-01-20,1,102,INR,-0.1,-10.2,112.2
Prod278,Cus020,Mark011,2017-10-11,1,102,INR,0.4,40.8,61.2
Prod278,Cus020,Mark011,2017-10-12,1,102,INR,-0.2,-20.4,122.4
Prod278,Cus020,Mark011,2017-10-17,1,102,INR,-0.18,-18.36,120.36
Prod278,Cus020,Mark011,2017-11-08,1,102,INR,-0.04,-4.08,106.08
Prod278,Cus020,Mark011,2018-03-09,1,102,INR,-0.1,-10.2,112.2
Prod278,Cus020,Mark011,2018-03-28,1,102,INR,0.1,10.2,91.8
Prod278,Cus020,Mark011,2018-03-29,1,102,INR,0.08,8.16,93.84
Prod278,Cus020,Mark011,2018-04-16,1,102,INR,-0.11,-11.22,113.22
Prod278,Cus020,Mark011,2018-04-18,1,102,INR,0.15,15.3,86.7
Prod278,Cus020,Mark011,2018-04-19,1,102,INR,0.37,37.74,64.26
Prod278,Cus020,Mark011,2018-04-20,1,102,INR,0.35,35.7,66.3
Prod278,Cus020,Mark011,2018-04-26,1,102,INR,-0.05,-5.1,107.1
Prod278,Cus020,Mark011,2018-05-24,1,102,INR,0.09,9.18,92.82
Prod278,Cus020,Mark011,2018-05-28,1,102,INR,0.14,14.28,87.72
Prod278,Cus020,Mark011,2018-06-28,1,102,INR,0,0,102
Prod278,Cus020,Mark011,2018-07-13,1,102,INR,0.02,2.04,99.96
Prod278,Cus020,Mark011,2018-07-18,1,102,INR,-0.04,-4.08,106.08
Prod278,Cus020,Mark011,2018-07-24,1,102,INR,0.18,18.36,83.64
Prod278,Cus020,Mark011,2018-07-27,1,102,INR,-0.34,-34.68,136.68
Prod278,Cus020,Mark011,2018-08-20,1,102,INR,-0.07,-7.14,109.14
Prod278,Cus020,Mark011,2018-08-23,1,102,INR,-0.27,-27.54,129.54
Prod278,Cus020,Mark011,2018-08-31,1,102,INR,-0.3,-30.6,132.6
Prod278,Cus020,Mark011,2018-09-12,1,102,INR,-0.09,-9.18,111.18
Prod278,Cus020,Mark011,2018-09-13,1,102,INR,-0.35,-35.7,137.7
Prod278,Cus020,Mark011,2018-09-17,1,102,INR,-0.28,-28.56,130.56
Prod278,Cus020,Mark011,2018-09-21,1,102,INR,-0.14,-14.28,116.28
Prod278,Cus020,Mark011,2018-09-24,1,102,INR,-0.28,-28.56,130.56
Prod278,Cus020,Mark011,2018-09-25,1,102,INR,0.19,19.38,82.62
Prod278,Cus020,Mark011,2018-10-05,1,102,INR,-0.18,-18.36,120.36
Prod278,Cus020,Mark011,2018-10-08,1,102,INR,0.31,31.62,70.38
Prod278,Cus020,Mark011,2018-10-10,1,102,INR,0.05,5.1,96.9
Prod278,Cus020,Mark011,2018-10-15,1,102,INR,0.16,16.32,85.68
Prod278,Cus020,Mark011,2018-10-22,1,102,INR,-0.15,-15.3,117.3
Prod278,Cus020,Mark011,2018-10-25,1,102,INR,0.15,15.3,86.7
Prod278,Cus020,Mark011,2018-10-26,1,102,INR,-0.31,-31.62,133.62
Prod278,Cus020,Mark011,2018-10-31,1,102,INR,-0.1,-10.2,112.2
Prod278,Cus020,Mark011,2019-04-10,1,102,INR,-0.1,-10.2,112.2
Prod278,Cus020,Mark011,2019-04-16,1,102,INR,0.32,32.64,69.36
Prod278,Cus020,Mark011,2019-04-24,1,102,INR,0.06,6.12,95.88
Prod278,Cus020,Mark011,2019-05-03,1,102,INR,0.31,31.62,70.38
Prod278,Cus020,Mark011,2019-05-08,1,102,INR,-0.1,-10.2,112.2
Prod278,Cus020,Mark011,2019-05-15,1,102,INR,0.33,33.66,68.34
Prod278,Cus020,Mark011,2019-05-17,1,102,INR,0.14,14.28,87.72
Prod278,Cus020,Mark011,2019-05-24,1,102,INR,-0.07,-7.14,109.14
Prod278,Cus020,Mark011,2019-05-27,1,102,INR,0,0,102
Prod278,Cus020,Mark011,2019-05-28,1,102,INR,0.21,21.42,80.58
Prod278,Cus020,Mark011,2019-06-04,1,102,INR,0.39,39.78,62.22
Prod278,Cus020,Mark011,2019-06-17,1,102,INR,-0.03,-3.06,105.06
Prod278,Cus020,Mark011,2019-06-20,1,102,INR,-0.14,-14.28,116.28
Prod278,Cus020,Mark011,2019-06-21,1,102,INR,-0.09,-9.18,111.18
Prod278,Cus020,Mark011,2019-07-01,1,102,INR,-0.15,-15.3,117.3
Prod278,Cus020,Mark011,2019-07-02,1,102,INR,-0.23,-23.46,125.46
Prod278,Cus020,Mark011,2019-07-09,1,102,INR,-0.07,-7.14,109.14
Prod278,Cus020,Mark011,2019-07-10,1,102,INR,-0.28,-28.56,130.56
Prod278,Cus020,Mark011,2019-07-12,1,102,INR,0.08,8.16,93.84
Prod278,Cus020,Mark011,2019-07-19,1,102,INR,0.04,4.08,97.92
Prod278,Cus020,Mark011,2019-07-25,1,102,INR,-0.26,-26.52,128.52
Prod278,Cus020,Mark011,2019-07-31,1,102,INR,0.06,6.12,95.88
Prod278,Cus020,Mark011,2019-08-05,1,102,INR,-0.13,-13.26,115.26
Prod278,Cus020,Mark011,2019-08-22,1,102,INR,-0.31,-31.62,133.62
Prod278,Cus020,Mark011,2019-09-04,1,102,INR,-0.19,-19.38,121.38
Prod278,Cus020,Mark011,2019-09-12,1,102,INR,0.36,36.72,65.28
Prod278,Cus020,Mark011,2019-09-18,1,102,INR,-0.11,-11.22,113.22
Prod278,Cus020,Mark011,2019-09-19,1,102,INR,0.07,7.14,94.86
Prod278,Cus020,Mark011,2019-09-20,1,102,INR,0.06,6.12,95.88
Prod278,Cus020,Mark011,2019-09-30,1,102,INR,0.1,10.2,91.8
Prod278,Cus020,Mark011,2019-10-01,1,102,INR,-0.12,-12.24,114.24
Prod278,Cus020,Mark011,2019-10-08,1,102,INR,0.36,36.72,65.28
Prod278,Cus020,Mark011,2019-10-11,1,102,INR,-0.29,-29.58,131.58
Prod278,Cus020,Mark011,2019-10-14,1,102,INR,-0.3,-30.6,132.6
Prod278,Cus020,Mark011,2019-11-07,1,102,INR,0.1,10.2,91.8
Prod278,Cus020,Mark011,2019-11-18,1,102,INR,-0.05,-5.1,107.1
Prod278,Cus020,Mark011,2019-11-29,1,102,INR,0.37,37.74,64.26
Prod278,Cus020,Mark011,2019-12-06,1,102,INR,-0.04,-4.08,106.08
Prod278,Cus020,Mark011,2019-12-10,1,102,INR,0.09,9.18,92.82
Prod278,Cus020,Mark011,2019-12-11,1,102,INR,0.09,9.18,92.82
Prod278,Cus020,Mark011,2019-12-24,1,102,INR,0.28,28.56,73.44
Prod278,Cus020,Mark011,2019-12-27,1,102,INR,0.21,21.42,80.58
Prod278,Cus020,Mark011,2020-01-03,1,102,INR,-0.05,-5.1,107.1
Prod294,Cus020,Mark011,2017-10-11,1,102,INR,0.01,1.02,100.98
Prod294,Cus020,Mark011,2017-10-19,1,102,INR,-0.02,-2.04,104.04
Prod294,Cus020,Mark011,2017-10-26,1,102,INR,-0.22,-22.44,124.44
Prod294,Cus020,Mark011,2017-11-08,1,102,INR,0.08,8.16,93.84
Prod294,Cus020,Mark011,2018-03-14,1,102,INR,-0.19,-19.38,121.38
Prod294,Cus020,Mark011,2018-03-15,1,102,INR,-0.08,-8.16,110.16
Prod294,Cus020,Mark011,2018-03-19,1,102,INR,0.01,1.02,100.98
Prod294,Cus020,Mark011,2018-03-21,1,102,INR,0.2,20.4,81.6
Prod294,Cus020,Mark011,2018-04-17,1,102,INR,0.37,37.74,64.26
Prod294,Cus020,Mark011,2018-04-19,1,102,INR,-0.26,-26.52,128.52
Prod294,Cus020,Mark011,2018-05-18,1,102,INR,0.11,11.22,90.78
Prod294,Cus020,Mark011,2018-05-28,1,102,INR,0.23,23.46,78.54
Prod294,Cus020,Mark011,2018-05-29,1,102,INR,0.37,37.74,64.26
Prod294,Cus020,Mark011,2018-06-01,1,102,INR,-0.25,-25.5,127.5
Prod294,Cus020,Mark011,2018-06-08,1,102,INR,0.4,40.8,61.2
Prod294,Cus020,Mark011,2018-06-12,1,102,INR,-0.32,-32.64,134.64
Prod294,Cus020,Mark011,2018-06-28,1,102,INR,0.04,4.08,97.92
Prod294,Cus020,Mark011,2018-07-03,1,102,INR,-0.01,-1.02,103.02
Prod294,Cus020,Mark011,2018-07-04,1,102,INR,-0.28,-28.56,130.56
Prod294,Cus020,Mark011,2018-07-05,1,102,INR,0.05,5.1,96.9
Prod294,Cus020,Mark011,2018-07-13,1,102,INR,0.33,33.66,68.34
Prod294,Cus020,Mark011,2018-07-16,1,102,INR,0.21,21.42,80.58
Prod294,Cus020,Mark011,2018-07-27,1,102,INR,0.39,39.78,62.22
Prod294,Cus020,Mark011,2018-08-08,1,102,INR,-0.28,-28.56,130.56
Prod294,Cus020,Mark011,2018-08-24,1,102,INR,-0.33,-33.66,135.66
Prod294,Cus020,Mark011,2018-09-04,1,102,INR,-0.19,-19.38,121.38
Prod294,Cus020,Mark011,2018-09-05,1,102,INR,-0.21,-21.42,123.42
Prod294,Cus020,Mark011,2018-09-06,1,102,INR,0.16,16.32,85.68
Prod294,Cus020,Mark011,2018-09-07,1,102,INR,0.15,15.3,86.7
Prod294,Cus020,Mark011,2018-09-10,1,102,INR,0.12,12.24,89.76
Prod294,Cus020,Mark011,2018-09-12,1,102,INR,-0.04,-4.08,106.08
Prod294,Cus020,Mark011,2018-09-13,1,102,INR,-0.26,-26.52,128.52
Prod294,Cus020,Mark011,2018-09-14,1,102,INR,-0.23,-23.46,125.46
Prod294,Cus020,Mark011,2018-09-21,1,102,INR,0.16,16.32,85.68
Prod294,Cus020,Mark011,2018-09-26,1,102,INR,-0.09,-9.18,111.18
Prod294,Cus020,Mark011,2018-10-25,1,102,INR,-0.02,-2.04,104.04
Prod294,Cus020,Mark011,2018-11-06,1,102,INR,0.22,22.44,79.56
Prod294,Cus020,Mark011,2019-04-30,1,102,INR,-0.14,-14.28,116.28
Prod294,Cus020,Mark011,2019-05-15,1,102,INR,0.27,27.54,74.46
Prod294,Cus020,Mark011,2019-06-04,1,102,INR,-0.35,-35.7,137.7
Prod294,Cus020,Mark011,2019-06-05,1,102,INR,-0.1,-10.2,112.2
Prod294,Cus020,Mark011,2019-06-14,1,102,INR,0.02,2.04,99.96
Prod294,Cus020,Mark011,2019-06-26,1,102,INR,0.02,2.04,99.96
Prod294,Cus020,Mark011,2019-07-02,1,102,INR,0.31,31.62,70.38
Prod294,Cus020,Mark011,2019-07-17,1,102,INR,-0.01,-1.02,103.02
Prod294,Cus020,Mark011,2019-07-18,1,102,INR,0.37,37.74,64.26
Prod294,Cus020,Mark011,2019-07-19,1,102,INR,-0.22,-22.44,124.44
Prod294,Cus020,Mark011,2019-07-29,1,102,INR,-0.13,-13.26,115.26
Prod294,Cus020,Mark011,2019-08-05,1,102,INR,-0.08,-8.16,110.16
Prod294,Cus020,Mark011,2019-08-09,1,102,INR,-0.01,-1.02,103.02
Prod294,Cus020,Mark011,2019-08-28,1,102,INR,-0.11,-11.22,113.22
Prod294,Cus020,Mark011,2019-09-02,1,102,INR,0.08,8.16,93.84
Prod294,Cus020,Mark011,2019-09-09,1,102,INR,0.02,2.04,99.96
Prod294,Cus020,Mark011,2019-09-16,1,102,INR,0.4,40.8,61.2
Prod294,Cus020,Mark011,2019-09-19,1,102,INR,-0.11,-11.22,113.22
Prod294,Cus020,Mark011,2019-09-24,1,102,INR,-0.06,-6.12,108.12
Prod294,Cus020,Mark011,2019-09-30,1,102,INR,0.18,18.36,83.64
Prod294,Cus020,Mark011,2019-10-28,1,102,INR,-0.03,-3.06,105.06
Prod294,Cus020,Mark011,2019-10-30,1,102,INR,0.13,13.26,88.74
Prod294,Cus020,Mark011,2019-11-07,1,102,INR,-0.19,-19.38,121.38
Prod294,Cus020,Mark011,2019-11-14,1,102,INR,0.27,27.54,74.46
Prod294,Cus020,Mark011,2019-11-19,1,102,INR,0.01,1.02,100.98
Prod294,Cus020,Mark011,2019-11-20,1,102,INR,-0.04,-4.08,106.08
Prod294,Cus020,Mark011,2019-12-17,1,102,INR,0.39,39.78,62.22
Prod294,Cus020,Mark011,2019-12-20,1,102,INR,0.39,39.78,62.22
Prod294,Cus020,Mark011,2020-01-08,1,102,INR,0.32,32.64,69.36
Prod294,Cus020,Mark011,2020-01-17,1,102,INR,0.17,17.34,84.66
Prod281,Cus020,Mark011,2017-11-13,1,102,INR,-0.24,-24.48,126.48
Prod292,Cus020,Mark011,2017-11-20,1,102,INR,-0.28,-28.56,130.56
Prod281,Cus020,Mark011,2017-11-23,1,102,INR,0.22,22.44,79.56
Prod281,Cus020,Mark011,2017-12-06,1,102,INR,0.29,29.58,72.42
Prod292,Cus020,Mark011,2017-12-18,1,102,INR,0.04,4.08,97.92
Prod292,Cus020,Mark011,2018-01-05,1,102,INR,0.39,39.78,62.22
Prod281,Cus020,Mark011,2018-01-08,1,102,INR,0.14,14.28,87.72
Prod292,Cus020,Mark011,2018-01-29,1,102,INR,0.3,30.6,71.4
Prod281,Cus020,Mark011,2018-02-08,1,102,INR,-0.27,-27.54,129.54
Prod281,Cus020,Mark011,2018-02-09,1,102,INR,0.15,15.3,86.7
Prod281,Cus020,Mark011,2018-02-23,1,102,INR,0.32,32.64,69.36
Prod281,Cus020,Mark011,2018-02-26,1,102,INR,0.22,22.44,79.56
Prod281,Cus020,Mark011,2018-03-06,1,102,INR,0.31,31.62,70.38
Prod281,Cus020,Mark011,2018-08-20,1,102,INR,0.35,35.7,66.3
Prod281,Cus020,Mark011,2018-08-22,1,102,INR,-0.09,-9.18,111.18
Prod281,Cus020,Mark011,2018-08-29,1,102,INR,-0.06,-6.12,108.12
Prod281,Cus020,Mark011,2018-09-03,1,102,INR,0.25,25.5,76.5
Prod281,Cus020,Mark011,2018-09-04,1,102,INR,0.26,26.52,75.48
Prod281,Cus020,Mark011,2018-09-21,1,102,INR,-0.31,-31.62,133.62
Prod281,Cus020,Mark011,2018-10-03,1,102,INR,-0.26,-26.52,128.52
Prod281,Cus020,Mark011,2018-10-26,1,102,INR,0.12,12.24,89.76
Prod281,Cus020,Mark011,2018-11-07,1,102,INR,0.34,34.68,67.32
Prod290,Cus020,Mark011,2018-11-15,1,102,INR,-0.31,-31.62,133.62
Prod280,Cus020,Mark011,2018-11-26,1,102,INR,0.18,18.36,83.64
Prod292,Cus020,Mark011,2018-11-27,1,102,INR,0.29,29.58,72.42
Prod056,Cus020,Mark011,2018-11-29,1,102,INR,0.15,15.3,86.7
Prod290,Cus020,Mark011,2018-11-30,1,102,INR,0.39,39.78,62.22
Prod292,Cus020,Mark011,2018-11-30,1,102,INR,0.23,23.46,78.54
Prod056,Cus020,Mark011,2018-11-30,1,102,INR,-0.34,-34.68,136.68
Prod056,Cus020,Mark011,2018-12-03,1,102,INR,0.29,29.58,72.42
Prod292,Cus020,Mark011,2018-12-05,1,102,INR,0.11,11.22,90.78
Prod290,Cus020,Mark011,2018-12-07,1,102,INR,0.26,26.52,75.48
Prod292,Cus020,Mark011,2018-12-07,1,102,INR,0.2,20.4,81.6
Prod290,Cus020,Mark011,2018-12-10,1,102,INR,0.17,17.34,84.66
Prod056,Cus020,Mark011,2018-12-12,1,102,INR,0,0,102
Prod056,Cus020,Mark011,2018-12-14,1,102,INR,0.13,13.26,88.74
Prod290,Cus020,Mark011,2018-12-18,1,102,INR,-0.34,-34.68,136.68
Prod292,Cus020,Mark011,2018-12-24,1,102,INR,0.22,22.44,79.56
Prod292,Cus020,Mark011,2018-12-31,1,102,INR,0.37,37.74,64.26
Prod290,Cus020,Mark011,2019-01-11,1,102,INR,0.16,16.32,85.68
Prod292,Cus020,Mark011,2019-01-14,1,102,INR,0.08,8.16,93.84
Prod056,Cus020,Mark011,2019-01-14,1,102,INR,-0.28,-28.56,130.56
Prod290,Cus020,Mark011,2019-01-15,1,102,INR,-0.11,-11.22,113.22
Prod056,Cus020,Mark011,2019-01-24,1,102,INR,0.37,37.74,64.26
Prod056,Cus020,Mark011,2019-01-25,1,102,INR,0.12,12.24,89.76
Prod056,Cus020,Mark011,2019-01-28,1,102,INR,0.39,39.78,62.22
Prod292,Cus020,Mark011,2019-01-29,1,102,INR,0.19,19.38,82.62
Prod290,Cus020,Mark011,2019-01-29,1,102,INR,0.02,2.04,99.96
Prod290,Cus020,Mark011,2019-02-01,1,102,INR,0.36,36.72,65.28
Prod292,Cus020,Mark011,2019-02-05,1,102,INR,-0.06,-6.12,108.12
Prod292,Cus020,Mark011,2019-02-07,1,102,INR,0.27,27.54,74.46
Prod290,Cus020,Mark011,2019-02-08,1,102,INR,0.15,15.3,86.7
Prod056,Cus020,Mark011,2019-02-13,1,102,INR,0.28,28.56,73.44
Prod290,Cus020,Mark011,2019-02-14,1,102,INR,0.25,25.5,76.5
Prod056,Cus020,Mark011,2019-02-19,1,102,INR,-0.28,-28.56,130.56
Prod290,Cus020,Mark011,2019-02-19,1,102,INR,-0.19,-19.38,121.38
Prod292,Cus020,Mark011,2019-02-19,1,102,INR,0.38,38.76,63.24
Prod290,Cus020,Mark011,2019-02-22,1,102,INR,-0.25,-25.5,127.5
Prod290,Cus020,Mark011,2019-02-26,1,102,INR,0.11,11.22,90.78
Prod290,Cus020,Mark011,2019-03-05,1,102,INR,0.15,15.3,86.7
Prod292,Cus020,Mark011,2019-03-07,1,102,INR,-0.01,-1.02,103.02
Prod292,Cus020,Mark011,2019-03-08,1,102,INR,0.08,8.16,93.84
Prod056,Cus020,Mark011,2019-03-08,1,102,INR,-0.06,-6.12,108.12
Prod290,Cus020,Mark011,2019-03-22,1,102,INR,-0.22,-22.44,124.44
Prod292,Cus020,Mark011,2019-03-28,1,102,INR,0.12,12.24,89.76
Prod290,Cus020,Mark011,2019-04-08,1,102,INR,0.05,5.1,96.9
Prod290,Cus020,Mark011,2019-04-09,1,102,INR,-0.06,-6.12,108.12
Prod281,Cus020,Mark011,2019-04-17,1,102,INR,-0.34,-34.68,136.68
Prod281,Cus020,Mark011,2019-04-19,1,102,INR,-0.09,-9.18,111.18
Prod281,Cus020,Mark011,2019-05-29,1,102,INR,0.03,3.06,98.94
Prod281,Cus020,Mark011,2019-06-10,1,102,INR,-0.05,-5.1,107.1
Prod281,Cus020,Mark011,2019-06-11,1,102,INR,-0.22,-22.44,124.44
Prod281,Cus020,Mark011,2019-06-21,1,102,INR,0.19,19.38,82.62
Prod281,Cus020,Mark011,2019-06-24,1,102,INR,0.37,37.74,64.26
Prod281,Cus020,Mark011,2019-06-26,1,102,INR,0.1,10.2,91.8
Prod281,Cus020,Mark011,2019-07-25,1,102,INR,-0.31,-31.62,133.62
Prod131,Cus020,Mark011,2019-07-30,1,102,INR,-0.33,-33.66,135.66
Prod281,Cus020,Mark011,2019-08-05,1,102,INR,-0.09,-9.18,111.18
Prod131,Cus020,Mark011,2020-01-15,1,102,INR,-0.29,-29.58,131.58
Prod290,Cus020,Mark011,2020-01-15,1,102,INR,0.17,17.34,84.66
Prod292,Cus020,Mark011,2020-01-15,1,102,INR,-0.19,-19.38,121.38
Prod056,Cus020,Mark011,2020-01-16,1,102,INR,0.17,17.34,84.66
Prod295,Cus020,Mark011,2020-01-17,1,102,INR,-0.13,-13.26,115.26
Prod292,Cus020,Mark011,2020-01-21,1,102,INR,-0.18,-18.36,120.36
Prod056,Cus020,Mark011,2020-01-27,1,102,INR,-0.16,-16.32,118.32
Prod056,Cus020,Mark011,2020-01-31,1,102,INR,-0.13,-13.26,115.26
Prod292,Cus020,Mark011,2020-02-02,1,102,INR,0,0,102
Prod290,Cus020,Mark011,2020-02-02,1,102,INR,-0.33,-33.66,135.66
Prod292,Cus020,Mark011,2020-02-04,1,102,INR,0.2,20.4,81.6
Prod131,Cus020,Mark011,2020-02-07,1,102,INR,0.1,10.2,91.8
Prod292,Cus020,Mark011,2020-02-13,1,102,INR,0.25,25.5,76.5
Prod292,Cus020,Mark011,2020-02-19,1,102,INR,0.19,19.38,82.62
Prod290,Cus020,Mark011,2020-02-19,1,102,INR,0.24,24.48,77.52
Prod056,Cus020,Mark011,2020-02-20,1,102,INR,0.31,31.62,70.38
Prod292,Cus020,Mark011,2020-02-20,1,102,INR,0.03,3.06,98.94
Prod292,Cus020,Mark011,2020-02-21,1,102,INR,-0.05,-5.1,107.1
Prod290,Cus020,Mark011,2020-02-24,1,102,INR,-0.3,-30.6,132.6
Prod056,Cus020,Mark011,2020-02-27,1,102,INR,-0.24,-24.48,126.48
Prod292,Cus020,Mark011,2020-03-02,1,102,INR,0.01,1.02,100.98
Prod290,Cus020,Mark011,2020-03-09,1,102,INR,-0.31,-31.62,133.62
Prod290,Cus020,Mark011,2020-03-10,1,102,INR,0.25,25.5,76.5
Prod292,Cus020,Mark011,2020-03-10,1,102,INR,-0.07,-7.14,109.14
Prod131,Cus020,Mark011,2020-03-10,1,102,INR,0.31,31.62,70.38
Prod290,Cus020,Mark011,2020-03-11,1,102,INR,-0.27,-27.54,129.54
Prod292,Cus020,Mark011,2020-03-11,1,102,INR,-0.17,-17.34,119.34
Prod292,Cus020,Mark011,2020-03-12,1,102,INR,-0.1,-10.2,112.2
Prod290,Cus020,Mark011,2020-03-13,1,102,INR,0.12,12.24,89.76
Prod292,Cus020,Mark011,2020-03-13,1,102,INR,-0.28,-28.56,130.56
Prod290,Cus020,Mark011,2020-03-23,1,102,INR,-0.14,-14.28,116.28
Prod292,Cus020,Mark011,2020-03-24,1,102,INR,-0.16,-16.32,118.32
Prod292,Cus020,Mark011,2020-04-01,1,102,INR,0.02,2.04,99.96
Prod056,Cus020,Mark011,2020-04-02,1,102,INR,-0.34,-34.68,136.68
Prod131,Cus020,Mark011,2020-04-02,1,102,INR,0.02,2.04,99.96
Prod292,Cus020,Mark011,2020-04-02,1,102,INR,0.1,10.2,91.8
Prod055,Cus020,Mark011,2020-04-02,1,102,INR,0.17,17.34,84.66
Prod290,Cus020,Mark011,2020-04-03,1,102,INR,0,0,102
Prod292,Cus020,Mark011,2020-04-03,1,102,INR,-0.08,-8.16,110.16
Prod131,Cus020,Mark011,2020-04-06,1,102,INR,0.4,40.8,61.2
Prod292,Cus020,Mark011,2020-04-10,1,102,INR,0.32,32.64,69.36
Prod290,Cus020,Mark011,2020-04-14,1,102,INR,0.27,27.54,74.46
Prod290,Cus020,Mark011,2020-04-20,1,102,INR,0.18,18.36,83.64
Prod055,Cus020,Mark011,2020-04-21,1,102,INR,0.33,33.66,68.34
Prod290,Cus020,Mark011,2020-04-21,1,102,INR,0.15,15.3,86.7
Prod292,Cus020,Mark011,2020-04-21,1,102,INR,0.4,40.8,61.2
Prod131,Cus020,Mark011,2020-04-22,1,102,INR,-0.27,-27.54,129.54
Prod290,Cus020,Mark011,2020-04-24,1,102,INR,0.32,32.64,69.36
Prod292,Cus020,Mark011,2020-04-30,1,102,INR,0.26,26.52,75.48
Prod292,Cus020,Mark011,2020-05-04,1,102,INR,0.06,6.12,95.88
Prod131,Cus020,Mark011,2020-05-05,1,102,INR,-0.1,-10.2,112.2
Prod292,Cus020,Mark011,2020-05-05,1,102,INR,0.25,25.5,76.5
Prod290,Cus020,Mark011,2020-05-06,1,102,INR,-0.16,-16.32,118.32
Prod131,Cus020,Mark011,2020-05-18,1,102,INR,0.06,6.12,95.88
Prod292,Cus020,Mark011,2020-05-20,1,102,INR,0.21,21.42,80.58
Prod290,Cus020,Mark011,2020-05-22,1,102,INR,0.06,6.12,95.88
Prod292,Cus020,Mark011,2020-05-22,1,102,INR,-0.15,-15.3,117.3
Prod131,Cus020,Mark011,2020-05-29,1,102,INR,-0.32,-32.64,134.64
Prod131,Cus020,Mark011,2020-06-01,1,102,INR,0.25,25.5,76.5
Prod290,Cus020,Mark011,2020-06-01,1,102,INR,0.07,7.14,94.86
Prod292,Cus020,Mark011,2020-06-01,1,102,INR,-0.13,-13.26,115.26
Prod055,Cus020,Mark011,2020-06-03,1,102,INR,0.18,18.36,83.64
Prod056,Cus020,Mark011,2020-06-09,1,102,INR,-0.1,-10.2,112.2
Prod055,Cus020,Mark011,2020-06-09,1,102,INR,-0.06,-6.12,108.12
Prod292,Cus020,Mark011,2020-06-11,1,102,INR,-0.28,-28.56,130.56
Prod290,Cus020,Mark011,2020-06-16,1,102,INR,-0.07,-7.14,109.14
Prod290,Cus020,Mark011,2020-06-23,1,102,INR,-0.3,-30.6,132.6
Prod280,Cus020,Mark011,2017-10-10,1,65,INR,0.02,1.3,63.7
Prod280,Cus020,Mark011,2017-10-12,1,65,INR,-0.22,-14.3,79.3
Prod281,Cus020,Mark011,2017-11-15,1,65,INR,0.39,25.35,39.65
Prod286,Cus020,Mark011,2017-11-16,1,65,INR,0.4,26,39
Prod271,Cus020,Mark011,2017-11-20,1,65,INR,-0.32,-20.8,85.8
Prod286,Cus020,Mark011,2017-11-21,1,65,INR,0.26,16.9,48.1
Prod271,Cus020,Mark011,2017-11-21,1,65,INR,-0.09,-5.85,70.85
Prod286,Cus020,Mark011,2017-11-22,1,65,INR,-0.17,-11.05,76.05
Prod286,Cus020,Mark011,2017-11-24,1,65,INR,-0.11,-7.15,72.15
Prod286,Cus020,Mark011,2017-11-29,1,65,INR,-0.29,-18.85,83.85
Prod271,Cus020,Mark011,2017-12-04,1,65,INR,-0.2,-13,78
Prod286,Cus020,Mark011,2017-12-04,1,65,INR,-0.34,-22.1,87.1
Prod271,Cus020,Mark011,2017-12-05,1,65,INR,0,0,65
Prod286,Cus020,Mark011,2017-12-13,1,65,INR,-0.14,-9.1,74.1
Prod286,Cus020,Mark011,2017-12-18,1,65,INR,-0.25,-16.25,81.25
Prod271,Cus020,Mark011,2017-12-28,1,65,INR,-0.25,-16.25,81.25
Prod280,Cus020,Mark011,2017-12-28,1,65,INR,0.25,16.25,48.75
Prod281,Cus020,Mark011,2018-01-05,1,65,INR,-0.28,-18.2,83.2
Prod286,Cus020,Mark011,2018-01-09,1,65,INR,-0.18,-11.7,76.7
Prod271,Cus020,Mark011,2018-01-09,1,65,INR,-0.04,-2.6,67.6
Prod280,Cus020,Mark011,2018-01-15,1,65,INR,0.2,13,52
Prod286,Cus020,Mark011,2018-01-19,1,65,INR,-0.33,-21.45,86.45
Prod286,Cus020,Mark011,2018-01-26,1,65,INR,0.24,15.6,49.4
Prod286,Cus020,Mark011,2018-02-06,1,65,INR,-0.33,-21.45,86.45
Prod271,Cus020,Mark011,2018-02-09,1,65,INR,0.34,22.1,42.9
Prod280,Cus020,Mark011,2018-02-09,1,65,INR,-0.29,-18.85,83.85
Prod286,Cus020,Mark011,2018-02-12,1,65,INR,-0.09,-5.85,70.85
Prod271,Cus020,Mark011,2018-02-12,1,65,INR,0.29,18.85,46.15
Prod280,Cus020,Mark011,2018-02-14,1,65,INR,0.1,6.5,58.5
Prod286,Cus020,Mark011,2018-02-16,1,65,INR,-0.18,-11.7,76.7
Prod280,Cus020,Mark011,2018-02-22,1,65,INR,0.14,9.1,55.9
Prod286,Cus020,Mark011,2018-02-23,1,65,INR,-0.05,-3.25,68.25
Prod271,Cus020,Mark011,2018-02-26,1,65,INR,0.03,1.95,63.05
Prod286,Cus020,Mark011,2018-02-27,1,65,INR,0.15,9.75,55.25
Prod286,Cus020,Mark011,2018-03-02,1,65,INR,-0.18,-11.7,76.7
Prod281,Cus020,Mark011,2018-03-14,1,65,INR,-0.32,-20.8,85.8
Prod281,Cus020,Mark011,2018-03-20,1,65,INR,-0.21,-13.65,78.65
Prod280,Cus020,Mark011,2018-03-21,1,65,INR,-0.21,-13.65,78.65
Prod281,Cus020,Mark011,2018-03-29,1,65,INR,0.4,26,39
Prod281,Cus020,Mark011,2018-04-18,1,65,INR,0.39,25.35,39.65
Prod281,Cus020,Mark011,2018-04-26,1,65,INR,0.13,8.45,56.55
Prod281,Cus020,Mark011,2018-04-27,1,65,INR,0.31,20.15,44.85
Prod280,Cus020,Mark011,2018-04-30,1,65,INR,-0.1,-6.5,71.5
Prod281,Cus020,Mark011,2018-05-03,1,65,INR,-0.11,-7.15,72.15
Prod280,Cus020,Mark011,2018-05-04,1,65,INR,-0.3,-19.5,84.5
Prod280,Cus020,Mark011,2018-06-07,1,65,INR,-0.28,-18.2,83.2
Prod281,Cus020,Mark011,2018-06-20,1,65,INR,0.37,24.05,40.95
Prod280,Cus020,Mark011,2018-06-20,1,65,INR,0.19,12.35,52.65
Prod280,Cus020,Mark011,2018-07-03,1,65,INR,0.27,17.55,47.45
Prod280,Cus020,Mark011,2018-07-12,1,65,INR,-0.15,-9.75,74.75
Prod281,Cus020,Mark011,2018-07-12,1,65,INR,-0.05,-3.25,68.25
Prod280,Cus020,Mark011,2018-07-13,1,65,INR,-0.28,-18.2,83.2
Prod280,Cus020,Mark011,2018-07-16,1,65,INR,0.21,13.65,51.35
Prod271,Cus020,Mark011,2018-08-14,1,65,INR,-0.22,-14.3,79.3
Prod280,Cus020,Mark011,2018-08-14,1,65,INR,-0.18,-11.7,76.7
Prod280,Cus020,Mark011,2018-08-23,1,65,INR,-0.07,-4.55,69.55
Prod281,Cus020,Mark011,2018-08-23,1,65,INR,-0.32,-20.8,85.8
Prod281,Cus020,Mark011,2018-08-24,1,65,INR,0.21,13.65,51.35
Prod280,Cus020,Mark011,2018-08-29,1,65,INR,0.34,22.1,42.9
Prod286,Cus020,Mark011,2018-08-29,1,65,INR,-0.01,-0.65,65.65
Prod281,Cus020,Mark011,2018-09-10,1,65,INR,0.04,2.6,62.4
Prod271,Cus020,Mark011,2018-09-11,1,65,INR,0.21,13.65,51.35
Prod280,Cus020,Mark011,2018-09-12,1,65,INR,0.13,8.45,56.55
Prod286,Cus020,Mark011,2018-09-13,1,65,INR,-0.3,-19.5,84.5
Prod286,Cus020,Mark011,2018-09-17,1,65,INR,-0.25,-16.25,81.25
Prod271,Cus020,Mark011,2018-09-19,1,65,INR,-0.09,-5.85,70.85
Prod271,Cus020,Mark011,2018-09-21,1,65,INR,0.02,1.3,63.7
Prod280,Cus020,Mark011,2018-09-21,1,65,INR,-0.33,-21.45,86.45
Prod271,Cus020,Mark011,2018-09-27,1,65,INR,0.13,8.45,56.55
Prod271,Cus020,Mark011,2018-10-03,1,65,INR,-0.08,-5.2,70.2
Prod271,Cus020,Mark011,2018-10-08,1,65,INR,-0.24,-15.6,80.6
Prod271,Cus020,Mark011,2018-10-09,1,65,INR,-0.27,-17.55,82.55
Prod280,Cus020,Mark011,2018-10-10,1,65,INR,0.24,15.6,49.4
Prod280,Cus020,Mark011,2018-10-12,1,65,INR,-0.1,-6.5,71.5
Prod280,Cus020,Mark011,2018-10-19,1,65,INR,0.36,23.4,41.6
Prod271,Cus020,Mark011,2018-10-25,1,65,INR,-0.08,-5.2,70.2
Prod280,Cus020,Mark011,2018-10-25,1,65,INR,0.18,11.7,53.3
Prod286,Cus020,Mark011,2018-10-25,1,65,INR,0.33,21.45,43.55
Prod271,Cus020,Mark011,2018-10-26,1,65,INR,0.33,21.45,43.55
Prod286,Cus020,Mark011,2018-10-31,1,65,INR,0.07,4.55,60.45
Prod280,Cus020,Mark011,2018-11-06,1,65,INR,0.26,16.9,48.1
Prod280,Cus020,Mark011,2018-11-07,1,65,INR,0.07,4.55,60.45
Prod271,Cus020,Mark011,2019-04-10,1,65,INR,0.37,24.05,40.95
Prod286,Cus020,Mark011,2019-04-11,1,65,INR,-0.11,-7.15,72.15
Prod271,Cus020,Mark011,2019-04-11,1,65,INR,0.4,26,39
Prod286,Cus020,Mark011,2019-05-02,1,65,INR,0.06,3.9,61.1
Prod281,Cus020,Mark011,2019-05-08,1,65,INR,-0.28,-18.2,83.2
Prod281,Cus020,Mark011,2019-05-17,1,65,INR,0.1,6.5,58.5
Prod271,Cus020,Mark011,2019-05-20,1,65,INR,0.04,2.6,62.4
Prod271,Cus020,Mark011,2019-05-21,1,65,INR,-0.22,-14.3,79.3
Prod271,Cus020,Mark011,2019-05-23,1,65,INR,-0.28,-18.2,83.2
Prod286,Cus020,Mark011,2019-05-27,1,65,INR,-0.12,-7.8,72.8
Prod280,Cus020,Mark011,2019-05-28,1,65,INR,-0.1,-6.5,71.5
Prod286,Cus020,Mark011,2019-05-29,1,65,INR,0.21,13.65,51.35
Prod281,Cus020,Mark011,2019-06-04,1,65,INR,-0.03,-1.95,66.95
Prod271,Cus020,Mark011,2019-06-05,1,65,INR,0.34,22.1,42.9
Prod280,Cus020,Mark011,2019-06-05,1,65,INR,0.01,0.65,64.35
Prod281,Cus020,Mark011,2019-06-05,1,65,INR,0.21,13.65,51.35
Prod286,Cus020,Mark011,2019-06-05,1,65,INR,0.03,1.95,63.05
Prod271,Cus020,Mark011,2019-06-11,1,65,INR,0.24,15.6,49.4
Prod271,Cus020,Mark011,2019-06-12,1,65,INR,0.18,11.7,53.3
Prod281,Cus020,Mark011,2019-06-14,1,65,INR,-0.2,-13,78
Prod271,Cus020,Mark011,2019-06-17,1,65,INR,0.25,16.25,48.75
Prod280,Cus020,Mark011,2019-06-21,1,65,INR,-0.31,-20.15,85.15
Prod280,Cus020,Mark011,2019-06-24,1,65,INR,-0.17,-11.05,76.05
Prod280,Cus020,Mark011,2019-06-26,1,65,INR,-0.05,-3.25,68.25
Prod286,Cus020,Mark011,2019-06-26,1,65,INR,0.11,7.15,57.85
Prod271,Cus020,Mark011,2019-07-01,1,65,INR,-0.19,-12.35,77.35
Prod281,Cus020,Mark011,2019-07-01,1,65,INR,-0.26,-16.9,81.9
Prod271,Cus020,Mark011,2019-07-02,1,65,INR,0.03,1.95,63.05
Prod280,Cus020,Mark011,2019-07-02,1,65,INR,-0.28,-18.2,83.2
Prod281,Cus020,Mark011,2019-07-02,1,65,INR,0.33,21.45,43.55
Prod271,Cus020,Mark011,2019-07-09,1,65,INR,-0.27,-17.55,82.55
Prod280,Cus020,Mark011,2019-07-09,1,65,INR,0.06,3.9,61.1
Prod281,Cus020,Mark011,2019-07-09,1,65,INR,0.36,23.4,41.6
Prod286,Cus020,Mark011,2019-07-10,1,65,INR,0.01,0.65,64.35
Prod286,Cus020,Mark011,2019-07-12,1,65,INR,0.32,20.8,44.2
Prod271,Cus020,Mark011,2019-07-18,1,65,INR,0.31,20.15,44.85
Prod280,Cus020,Mark011,2019-07-18,1,65,INR,0.15,9.75,55.25
Prod286,Cus020,Mark011,2019-07-19,1,65,INR,-0.18,-11.7,76.7
Prod280,Cus020,Mark011,2019-07-22,1,65,INR,-0.05,-3.25,68.25
Prod280,Cus020,Mark011,2019-07-24,1,65,INR,-0.18,-11.7,76.7
Prod286,Cus020,Mark011,2019-07-25,1,65,INR,0.19,12.35,52.65
Prod271,Cus020,Mark011,2019-07-26,1,65,INR,-0.08,-5.2,70.2
Prod286,Cus020,Mark011,2019-08-01,1,65,INR,-0.25,-16.25,81.25
Prod280,Cus020,Mark011,2019-08-05,1,65,INR,-0.1,-6.5,71.5
Prod271,Cus020,Mark011,2019-08-08,1,65,INR,0.4,26,39
Prod280,Cus020,Mark011,2019-08-08,1,65,INR,-0.26,-16.9,81.9
Prod271,Cus020,Mark011,2019-08-09,1,65,INR,0.1,6.5,58.5
Prod286,Cus020,Mark011,2019-08-22,1,65,INR,-0.35,-22.75,87.75
Prod286,Cus020,Mark011,2019-09-04,1,65,INR,-0.09,-5.85,70.85
Prod286,Cus020,Mark011,2019-09-18,1,65,INR,0.36,23.4,41.6
Prod286,Cus020,Mark011,2019-09-25,1,65,INR,-0.07,-4.55,69.55
Prod286,Cus020,Mark011,2019-10-17,1,65,INR,-0.31,-20.15,85.15
Prod286,Cus020,Mark011,2019-10-18,1,65,INR,-0.1,-6.5,71.5
Prod286,Cus020,Mark011,2019-11-28,1,65,INR,-0.21,-13.65,78.65
Prod286,Cus020,Mark011,2019-12-02,1,65,INR,0.05,3.25,61.75
Prod286,Cus020,Mark011,2019-12-04,1,65,INR,0.11,7.15,57.85
Prod286,Cus020,Mark011,2019-12-06,1,65,INR,-0.34,-22.1,87.1
Prod286,Cus020,Mark011,2019-12-11,1,65,INR,-0.18,-11.7,76.7
Prod286,Cus020,Mark011,2020-01-09,1,65,INR,0.3,19.5,45.5
Prod263,Cus020,Mark011,2018-03-13,1,65,INR,0,0,65
Prod263,Cus020,Mark011,2018-03-22,1,65,INR,-0.03,-1.95,66.95
Prod263,Cus020,Mark011,2018-03-27,1,65,INR,0.27,17.55,47.45
Prod263,Cus020,Mark011,2018-05-08,1,65,INR,-0.22,-14.3,79.3
Prod263,Cus020,Mark011,2018-05-09,1,65,INR,0.05,3.25,61.75
Prod263,Cus020,Mark011,2018-05-16,1,65,INR,0.18,11.7,53.3
Prod263,Cus020,Mark011,2018-05-31,1,65,INR,0.3,19.5,45.5
Prod263,Cus020,Mark011,2018-06-12,1,65,INR,-0.31,-20.15,85.15
Prod263,Cus020,Mark011,2018-07-05,1,65,INR,-0.24,-15.6,80.6
Prod263,Cus020,Mark011,2018-07-17,1,65,INR,-0.24,-15.6,80.6
Prod263,Cus020,Mark011,2018-07-25,1,65,INR,0.27,17.55,47.45
Prod263,Cus020,Mark011,2018-08-06,1,65,INR,0.29,18.85,46.15
Prod263,Cus020,Mark011,2018-08-09,1,65,INR,0.05,3.25,61.75
Prod263,Cus020,Mark011,2018-08-27,1,65,INR,0.3,19.5,45.5
Prod263,Cus020,Mark011,2018-09-03,1,65,INR,0.14,9.1,55.9
Prod263,Cus020,Mark011,2018-09-10,1,65,INR,-0.26,-16.9,81.9
Prod263,Cus020,Mark011,2018-09-21,1,65,INR,0.03,1.95,63.05
Prod263,Cus020,Mark011,2018-09-24,1,65,INR,0.06,3.9,61.1
Prod263,Cus020,Mark011,2018-10-02,1,65,INR,0.04,2.6,62.4
Prod263,Cus020,Mark011,2018-10-08,1,65,INR,-0.13,-8.45,73.45
Prod263,Cus020,Mark011,2018-10-12,1,65,INR,-0.35,-22.75,87.75
Prod263,Cus020,Mark011,2018-10-19,1,65,INR,-0.3,-19.5,84.5
Prod263,Cus020,Mark011,2018-10-25,1,65,INR,-0.04,-2.6,67.6
Prod263,Cus020,Mark011,2018-10-26,1,65,INR,0.22,14.3,50.7
Prod263,Cus020,Mark011,2018-10-30,1,65,INR,0.4,26,39
Prod263,Cus020,Mark011,2018-10-31,1,65,INR,-0.11,-7.15,72.15
Prod263,Cus020,Mark011,2018-11-05,1,65,INR,0.36,23.4,41.6
Prod263,Cus020,Mark011,2018-11-06,1,65,INR,-0.31,-20.15,85.15
Prod263,Cus020,Mark011,2018-11-07,1,65,INR,0.29,18.85,46.15
Prod263,Cus020,Mark011,2019-04-11,1,65,INR,-0.25,-16.25,81.25
Prod263,Cus020,Mark011,2019-05-02,1,65,INR,0.09,5.85,59.15
Prod263,Cus020,Mark011,2019-05-08,1,65,INR,0.23,14.95,50.05
Prod263,Cus020,Mark011,2019-05-10,1,65,INR,-0.04,-2.6,67.6
Prod263,Cus020,Mark011,2019-05-16,1,65,INR,-0.07,-4.55,69.55
Prod263,Cus020,Mark011,2019-05-21,1,65,INR,0.39,25.35,39.65
Prod263,Cus020,Mark011,2019-05-22,1,65,INR,0.12,7.8,57.2
Prod263,Cus020,Mark011,2019-05-23,1,65,INR,0.29,18.85,46.15
Prod263,Cus020,Mark011,2019-05-27,1,65,INR,0.22,14.3,50.7
Prod263,Cus020,Mark011,2019-06-04,1,65,INR,0.21,13.65,51.35
Prod263,Cus020,Mark011,2019-06-11,1,65,INR,0.37,24.05,40.95
Prod263,Cus020,Mark011,2019-06-24,1,65,INR,0.35,22.75,42.25
Prod263,Cus020,Mark011,2019-07-04,1,65,INR,-0.33,-21.45,86.45
Prod263,Cus020,Mark011,2019-07-05,1,65,INR,-0.29,-18.85,83.85
Prod263,Cus020,Mark011,2019-07-09,1,65,INR,0.17,11.05,53.95
Prod263,Cus020,Mark011,2019-07-19,1,65,INR,0.34,22.1,42.9
Prod263,Cus020,Mark011,2019-08-02,1,65,INR,0.25,16.25,48.75
Prod263,Cus020,Mark011,2019-08-05,1,65,INR,-0.22,-14.3,79.3
Prod263,Cus020,Mark011,2019-08-06,1,65,INR,0.09,5.85,59.15
Prod263,Cus020,Mark011,2019-08-09,1,65,INR,0.19,12.35,52.65
Prod263,Cus020,Mark011,2019-08-26,1,65,INR,-0.26,-16.9,81.9
Prod263,Cus020,Mark011,2019-09-02,1,65,INR,-0.33,-21.45,86.45
Prod263,Cus020,Mark011,2019-09-06,1,65,INR,0.02,1.3,63.7
Prod263,Cus020,Mark011,2019-09-16,1,65,INR,0.29,18.85,46.15
Prod263,Cus020,Mark011,2019-09-18,1,65,INR,-0.32,-20.8,85.8
Prod263,Cus020,Mark011,2019-10-07,1,65,INR,-0.3,-19.5,84.5
Prod263,Cus020,Mark011,2019-10-08,1,65,INR,0.12,7.8,57.2
Prod263,Cus020,Mark011,2019-10-14,1,65,INR,0.21,13.65,51.35
Prod263,Cus020,Mark011,2019-10-16,1,65,INR,-0.16,-10.4,75.4
Prod263,Cus020,Mark011,2019-10-18,1,65,INR,0.29,18.85,46.15
Prod263,Cus020,Mark011,2019-10-21,1,65,INR,-0.11,-7.15,72.15
Prod263,Cus020,Mark011,2019-10-23,1,65,INR,-0.21,-13.65,78.65
Prod263,Cus020,Mark011,2019-10-24,1,65,INR,-0.24,-15.6,80.6
Prod263,Cus020,Mark011,2019-10-30,1,65,INR,-0.27,-17.55,82.55
Prod263,Cus020,Mark011,2019-11-08,1,65,INR,-0.14,-9.1,74.1
Prod263,Cus020,Mark011,2019-11-11,1,65,INR,0.36,23.4,41.6
Prod263,Cus020,Mark011,2019-11-14,1,65,INR,-0.12,-7.8,72.8
Prod263,Cus020,Mark011,2019-11-19,1,65,INR,0.23,14.95,50.05
Prod263,Cus020,Mark011,2019-12-02,1,65,INR,-0.14,-9.1,74.1
Prod263,Cus020,Mark011,2019-12-04,1,65,INR,-0.01,-0.65,65.65
Prod263,Cus020,Mark011,2019-12-24,1,65,INR,-0.15,-9.75,74.75
Prod263,Cus020,Mark011,2020-01-03,1,65,INR,0.37,24.05,40.95
Prod263,Cus020,Mark011,2020-01-17,1,65,INR,0.09,5.85,59.15
Prod295,Cus020,Mark011,2017-10-12,1,65,INR,-0.24,-15.6,80.6
Prod295,Cus020,Mark011,2017-10-26,1,65,INR,-0.21,-13.65,78.65
Prod295,Cus020,Mark011,2017-11-03,1,65,INR,-0.15,-9.75,74.75
Prod295,Cus020,Mark011,2017-11-16,1,65,INR,0.1,6.5,58.5
Prod295,Cus020,Mark011,2017-11-22,1,65,INR,-0.33,-21.45,86.45
Prod295,Cus020,Mark011,2017-11-27,1,65,INR,0.29,18.85,46.15
Prod295,Cus020,Mark011,2017-12-18,1,65,INR,-0.26,-16.9,81.9
Prod295,Cus020,Mark011,2017-12-28,1,65,INR,-0.32,-20.8,85.8
Prod295,Cus020,Mark011,2018-01-09,1,65,INR,-0.03,-1.95,66.95
Prod295,Cus020,Mark011,2018-01-15,1,65,INR,-0.02,-1.3,66.3
Prod295,Cus020,Mark011,2018-02-12,1,65,INR,0.16,10.4,54.6
Prod295,Cus020,Mark011,2018-02-16,1,65,INR,-0.17,-11.05,76.05
Prod295,Cus020,Mark011,2018-02-22,1,65,INR,-0.22,-14.3,79.3
Prod295,Cus020,Mark011,2018-02-23,1,65,INR,0.13,8.45,56.55
Prod295,Cus020,Mark011,2018-02-28,1,65,INR,0.39,25.35,39.65
Prod295,Cus020,Mark011,2018-03-15,1,65,INR,0.22,14.3,50.7
Prod295,Cus020,Mark011,2018-03-30,1,65,INR,0.08,5.2,59.8
Prod295,Cus020,Mark011,2018-04-17,1,65,INR,-0.35,-22.75,87.75
Prod295,Cus020,Mark011,2018-04-19,1,65,INR,-0.22,-14.3,79.3
Prod295,Cus020,Mark011,2018-04-26,1,65,INR,0.27,17.55,47.45
Prod295,Cus020,Mark011,2018-05-18,1,65,INR,-0.15,-9.75,74.75
Prod295,Cus020,Mark011,2018-05-23,1,65,INR,0.12,7.8,57.2
Prod295,Cus020,Mark011,2018-06-13,1,65,INR,-0.06,-3.9,68.9
Prod295,Cus020,Mark011,2018-06-14,1,65,INR,0.05,3.25,61.75
Prod295,Cus020,Mark011,2018-06-20,1,65,INR,0.04,2.6,62.4
Prod295,Cus020,Mark011,2018-07-03,1,65,INR,-0.15,-9.75,74.75
Prod295,Cus020,Mark011,2018-07-12,1,65,INR,0.2,13,52
Prod295,Cus020,Mark011,2018-07-27,1,65,INR,0.35,22.75,42.25
Prod295,Cus020,Mark011,2018-07-31,1,65,INR,0.35,22.75,42.25
Prod295,Cus020,Mark011,2018-08-02,1,65,INR,0.22,14.3,50.7
Prod295,Cus020,Mark011,2018-08-03,1,65,INR,-0.11,-7.15,72.15
Prod295,Cus020,Mark011,2018-08-14,1,65,INR,0.36,23.4,41.6
Prod295,Cus020,Mark011,2018-08-23,1,65,INR,0.19,12.35,52.65
Prod295,Cus020,Mark011,2018-08-29,1,65,INR,-0.04,-2.6,67.6
Prod295,Cus020,Mark011,2018-09-04,1,65,INR,0.01,0.65,64.35
Prod295,Cus020,Mark011,2018-09-07,1,65,INR,-0.08,-5.2,70.2
Prod295,Cus020,Mark011,2018-09-12,1,65,INR,-0.09,-5.85,70.85
Prod295,Cus020,Mark011,2018-09-19,1,65,INR,0.23,14.95,50.05
Prod295,Cus020,Mark011,2018-10-10,1,65,INR,0.22,14.3,50.7
Prod295,Cus020,Mark011,2018-10-25,1,65,INR,0.36,23.4,41.6
Prod295,Cus020,Mark011,2019-04-19,1,65,INR,-0.04,-2.6,67.6
Prod295,Cus020,Mark011,2019-05-02,1,65,INR,0.22,14.3,50.7
Prod295,Cus020,Mark011,2019-05-08,1,65,INR,0.15,9.75,55.25
Prod295,Cus020,Mark011,2019-05-24,1,65,INR,0.03,1.95,63.05
Prod295,Cus020,Mark011,2019-06-05,1,65,INR,0.02,1.3,63.7
Prod295,Cus020,Mark011,2019-06-10,1,65,INR,0,0,65
Prod295,Cus020,Mark011,2019-06-11,1,65,INR,0.4,26,39
Prod295,Cus020,Mark011,2019-06-20,1,65,INR,0.06,3.9,61.1
Prod295,Cus020,Mark011,2019-06-28,1,65,INR,-0.1,-6.5,71.5
Prod295,Cus020,Mark011,2019-07-01,1,65,INR,0.13,8.45,56.55
Prod295,Cus020,Mark011,2019-07-09,1,65,INR,0.23,14.95,50.05
Prod295,Cus020,Mark011,2019-07-22,1,65,INR,-0.29,-18.85,83.85
Prod295,Cus020,Mark011,2019-07-23,1,65,INR,0.32,20.8,44.2
Prod295,Cus020,Mark011,2019-08-08,1,65,INR,0.27,17.55,47.45
Prod295,Cus020,Mark011,2019-08-20,1,65,INR,-0.1,-6.5,71.5
Prod295,Cus020,Mark011,2019-08-29,1,65,INR,-0.03,-1.95,66.95
Prod295,Cus020,Mark011,2019-09-11,1,65,INR,-0.05,-3.25,68.25
Prod295,Cus020,Mark011,2019-09-12,1,65,INR,0.19,12.35,52.65
Prod295,Cus020,Mark011,2019-09-13,1,65,INR,0.18,11.7,53.3
Prod295,Cus020,Mark011,2019-09-19,1,65,INR,0.02,1.3,63.7
Prod295,Cus020,Mark011,2019-10-07,1,65,INR,-0.26,-16.9,81.9
Prod295,Cus020,Mark011,2019-10-10,1,65,INR,0.09,5.85,59.15
Prod295,Cus020,Mark011,2019-10-12,1,65,INR,0.16,10.4,54.6
Prod295,Cus020,Mark011,2019-10-14,1,65,INR,0.19,12.35,52.65
Prod295,Cus020,Mark011,2019-10-18,1,65,INR,0.2,13,52
Prod295,Cus020,Mark011,2019-10-24,1,65,INR,0.21,13.65,51.35
Prod295,Cus020,Mark011,2019-11-07,1,65,INR,-0.13,-8.45,73.45
Prod295,Cus020,Mark011,2019-11-15,1,65,INR,0.4,26,39
Prod295,Cus020,Mark011,2019-11-20,1,65,INR,0.29,18.85,46.15
Prod295,Cus020,Mark011,2019-11-21,1,65,INR,0.29,18.85,46.15
Prod295,Cus020,Mark011,2019-12-10,1,65,INR,0.12,7.8,57.2
Prod295,Cus020,Mark011,2019-12-11,1,65,INR,-0.3,-19.5,84.5
Prod295,Cus020,Mark011,2019-12-24,1,65,INR,0.21,13.65,51.35
Prod295,Cus020,Mark011,2020-01-08,1,65,INR,-0.13,-8.45,73.45
Prod278,Cus020,Mark011,2017-10-10,1,204,INR,0.14,28.56,175.44
Prod263,Cus020,Mark011,2017-10-19,1,204,INR,0.11,22.44,181.56
Prod278,Cus020,Mark011,2017-10-20,1,204,INR,-0.2,-40.8,244.8
Prod279,Cus020,Mark011,2017-10-20,1,204,INR,0.17,34.68,169.32
Prod281,Cus020,Mark011,2017-12-11,1,204,INR,0.13,26.52,177.48
Prod279,Cus020,Mark011,2018-03-15,1,204,INR,-0.05,-10.2,214.2
Prod278,Cus020,Mark011,2018-03-23,1,204,INR,0.21,42.84,161.16
Prod294,Cus020,Mark011,2018-03-26,1,204,INR,0.13,26.52,177.48
Prod278,Cus020,Mark011,2018-03-27,1,204,INR,0.1,20.4,183.6
Prod279,Cus020,Mark011,2018-03-28,1,204,INR,-0.3,-61.2,265.2
Prod294,Cus020,Mark011,2018-03-28,1,204,INR,-0.25,-51,255
Prod279,Cus020,Mark011,2018-03-30,1,204,INR,-0.28,-57.12,261.12
Prod263,Cus020,Mark011,2018-04-04,1,204,INR,-0.05,-10.2,214.2
Prod278,Cus020,Mark011,2018-04-04,1,204,INR,0.03,6.12,197.88
Prod278,Cus020,Mark011,2018-04-10,1,204,INR,-0.03,-6.12,210.12
Prod279,Cus020,Mark011,2018-04-10,1,204,INR,0.39,79.56,124.44
Prod278,Cus020,Mark011,2018-04-13,1,204,INR,0.27,55.08,148.92
Prod279,Cus020,Mark011,2018-04-20,1,204,INR,0.32,65.28,138.72
Prod278,Cus020,Mark011,2018-05-03,1,204,INR,-0.08,-16.32,220.32
Prod294,Cus020,Mark011,2018-05-03,1,204,INR,0.3,61.2,142.8
Prod278,Cus020,Mark011,2018-05-08,1,204,INR,0.18,36.72,167.28
Prod294,Cus020,Mark011,2018-05-09,1,204,INR,0.14,28.56,175.44
Prod279,Cus020,Mark011,2018-05-11,1,204,INR,-0.08,-16.32,220.32
Prod294,Cus020,Mark011,2018-05-11,1,204,INR,-0.08,-16.32,220.32
Prod294,Cus020,Mark011,2018-05-15,1,204,INR,0.16,32.64,171.36
Prod279,Cus020,Mark011,2018-05-16,1,204,INR,0.33,67.32,136.68
Prod263,Cus020,Mark011,2018-05-18,1,204,INR,0.39,79.56,124.44
Prod279,Cus020,Mark011,2018-05-22,1,204,INR,0.18,36.72,167.28
Prod278,Cus020,Mark011,2018-05-23,1,204,INR,0.09,18.36,185.64
Prod279,Cus020,Mark011,2018-05-24,1,204,INR,0.21,42.84,161.16
Prod294,Cus020,Mark011,2018-05-24,1,204,INR,-0.11,-22.44,226.44
Prod278,Cus020,Mark011,2018-05-25,1,204,INR,0.27,55.08,148.92
Prod263,Cus020,Mark011,2018-05-28,1,204,INR,-0.03,-6.12,210.12
Prod279,Cus020,Mark011,2018-06-06,1,204,INR,0.25,51,153
Prod278,Cus020,Mark011,2018-06-06,1,204,INR,-0.18,-36.72,240.72
Prod279,Cus020,Mark011,2018-06-07,1,204,INR,0.06,12.24,191.76
Prod278,Cus020,Mark011,2018-06-08,1,204,INR,0.34,69.36,134.64
Prod278,Cus020,Mark011,2018-06-12,1,204,INR,0.11,22.44,181.56
Prod279,Cus020,Mark011,2018-06-13,1,204,INR,-0.15,-30.6,234.6
Prod278,Cus020,Mark011,2018-06-18,1,204,INR,0.12,24.48,179.52
Prod263,Cus020,Mark011,2018-06-19,1,204,INR,0.31,63.24,140.76
Prod294,Cus020,Mark011,2018-06-19,1,204,INR,0.25,51,153
Prod278,Cus020,Mark011,2018-06-20,1,204,INR,-0.18,-36.72,240.72
Prod279,Cus020,Mark011,2018-06-20,1,204,INR,0.31,63.24,140.76
Prod263,Cus020,Mark011,2018-06-25,1,204,INR,-0.11,-22.44,226.44
Prod279,Cus020,Mark011,2018-06-25,1,204,INR,0.05,10.2,193.8
Prod278,Cus020,Mark011,2018-06-26,1,204,INR,0.09,18.36,185.64
Prod279,Cus020,Mark011,2018-06-27,1,204,INR,0.34,69.36,134.64
Prod278,Cus020,Mark011,2018-07-05,1,204,INR,-0.33,-67.32,271.32
Prod279,Cus020,Mark011,2018-07-05,1,204,INR,-0.34,-69.36,273.36
Prod278,Cus020,Mark011,2018-07-10,1,204,INR,0.32,65.28,138.72
Prod278,Cus020,Mark011,2018-07-19,1,204,INR,0.21,42.84,161.16
Prod065,Cus020,Mark011,2018-07-19,1,204,INR,0.21,42.84,161.16
Prod279,Cus020,Mark011,2018-07-20,1,204,INR,0.07,14.28,189.72
Prod279,Cus020,Mark011,2018-07-25,1,204,INR,0.11,22.44,181.56
Prod294,Cus020,Mark011,2018-07-26,1,204,INR,0.24,48.96,155.04
Prod263,Cus020,Mark011,2018-07-30,1,204,INR,-0.21,-42.84,246.84
Prod294,Cus020,Mark011,2018-07-30,1,204,INR,-0.02,-4.08,208.08
Prod279,Cus020,Mark011,2018-07-31,1,204,INR,-0.07,-14.28,218.28
Prod278,Cus020,Mark011,2018-08-02,1,204,INR,0.32,65.28,138.72
Prod279,Cus020,Mark011,2018-08-08,1,204,INR,0.02,4.08,199.92
Prod278,Cus020,Mark011,2018-08-14,1,204,INR,-0.17,-34.68,238.68
Prod279,Cus020,Mark011,2018-08-14,1,204,INR,-0.29,-59.16,263.16
Prod294,Cus020,Mark011,2018-08-20,1,204,INR,-0.01,-2.04,206.04
Prod279,Cus020,Mark011,2018-08-27,1,204,INR,0.31,63.24,140.76
Prod281,Cus020,Mark011,2018-08-27,1,204,INR,-0.07,-14.28,218.28
Prod278,Cus020,Mark011,2018-08-29,1,204,INR,-0.01,-2.04,206.04
Prod279,Cus020,Mark011,2018-09-03,1,204,INR,0.27,55.08,148.92
Prod279,Cus020,Mark011,2018-09-05,1,204,INR,-0.14,-28.56,232.56
Prod278,Cus020,Mark011,2018-09-06,1,204,INR,0.21,42.84,161.16
Prod278,Cus020,Mark011,2018-09-07,1,204,INR,-0.22,-44.88,248.88
Prod279,Cus020,Mark011,2018-09-07,1,204,INR,-0.06,-12.24,216.24
Prod279,Cus020,Mark011,2018-09-10,1,204,INR,0.08,16.32,187.68
Prod279,Cus020,Mark011,2018-09-11,1,204,INR,0.09,18.36,185.64
Prod294,Cus020,Mark011,2018-09-18,1,204,INR,0.05,10.2,193.8
Prod279,Cus020,Mark011,2018-09-20,1,204,INR,0.32,65.28,138.72
Prod294,Cus020,Mark011,2018-09-20,1,204,INR,0.28,57.12,146.88
Prod279,Cus020,Mark011,2018-09-28,1,204,INR,0.05,10.2,193.8
Prod294,Cus020,Mark011,2018-10-02,1,204,INR,-0.1,-20.4,224.4
Prod278,Cus020,Mark011,2018-10-03,1,204,INR,0.31,63.24,140.76
Prod279,Cus020,Mark011,2018-10-09,1,204,INR,0.33,67.32,136.68
Prod278,Cus020,Mark011,2018-10-11,1,204,INR,-0.06,-12.24,216.24
Prod279,Cus020,Mark011,2018-10-18,1,204,INR,0.33,67.32,136.68
Prod279,Cus020,Mark011,2018-10-22,1,204,INR,0.03,6.12,197.88
Prod281,Cus020,Mark011,2018-10-22,1,204,INR,0.4,81.6,122.4
Prod294,Cus020,Mark011,2018-10-26,1,204,INR,0.31,63.24,140.76
Prod294,Cus020,Mark011,2018-11-02,1,204,INR,0.14,28.56,175.44
Prod278,Cus020,Mark011,2018-11-05,1,204,INR,-0.12,-24.48,228.48
Prod278,Cus020,Mark011,2018-11-06,1,204,INR,0.14,28.56,175.44
Prod279,Cus020,Mark011,2018-11-06,1,204,INR,-0.18,-36.72,240.72
Prod279,Cus020,Mark011,2018-11-08,1,204,INR,-0.33,-67.32,271.32
Prod290,Cus020,Mark011,2018-11-22,1,204,INR,0.34,69.36,134.64
Prod271,Cus020,Mark011,2018-11-26,1,204,INR,0.1,20.4,183.6
Prod292,Cus020,Mark011,2018-11-28,1,204,INR,0.23,46.92,157.08
Prod271,Cus020,Mark011,2018-12-03,1,204,INR,0.06,12.24,191.76
Prod271,Cus020,Mark011,2018-12-05,1,204,INR,-0.27,-55.08,259.08
Prod290,Cus020,Mark011,2018-12-13,1,204,INR,0.04,8.16,195.84
Prod292,Cus020,Mark011,2018-12-13,1,204,INR,0.22,44.88,159.12
Prod271,Cus020,Mark011,2018-12-13,1,204,INR,-0.14,-28.56,232.56
Prod292,Cus020,Mark011,2018-12-14,1,204,INR,0.28,57.12,146.88
Prod271,Cus020,Mark011,2018-12-18,1,204,INR,0.29,59.16,144.84
Prod271,Cus020,Mark011,2018-12-24,1,204,INR,-0.31,-63.24,267.24
Prod292,Cus020,Mark011,2019-01-03,1,204,INR,-0.03,-6.12,210.12
Prod271,Cus020,Mark011,2019-01-10,1,204,INR,0.37,75.48,128.52
Prod271,Cus020,Mark011,2019-01-14,1,204,INR,0.29,59.16,144.84
Prod292,Cus020,Mark011,2019-01-16,1,204,INR,0.37,75.48,128.52
Prod271,Cus020,Mark011,2019-01-17,1,204,INR,-0.13,-26.52,230.52
Prod292,Cus020,Mark011,2019-01-23,1,204,INR,-0.21,-42.84,246.84
Prod271,Cus020,Mark011,2019-01-29,1,204,INR,0.13,26.52,177.48
Prod292,Cus020,Mark011,2019-02-04,1,204,INR,-0.31,-63.24,267.24
Prod290,Cus020,Mark011,2019-02-05,1,204,INR,0.01,2.04,201.96
Prod292,Cus020,Mark011,2019-02-08,1,204,INR,0.35,71.4,132.6
Prod271,Cus020,Mark011,2019-02-12,1,204,INR,-0.18,-36.72,240.72
Prod271,Cus020,Mark011,2019-02-19,1,204,INR,0.37,75.48,128.52
Prod271,Cus020,Mark011,2019-02-21,1,204,INR,-0.12,-24.48,228.48
Prod292,Cus020,Mark011,2019-02-25,1,204,INR,-0.13,-26.52,230.52
Prod290,Cus020,Mark011,2019-02-25,1,204,INR,0.16,32.64,171.36
Prod271,Cus020,Mark011,2019-02-27,1,204,INR,0.02,4.08,199.92
Prod271,Cus020,Mark011,2019-03-04,1,204,INR,0.01,2.04,201.96
Prod271,Cus020,Mark011,2019-03-06,1,204,INR,0.19,38.76,165.24
Prod292,Cus020,Mark011,2019-03-15,1,204,INR,0.12,24.48,179.52
Prod290,Cus020,Mark011,2019-03-15,1,204,INR,0.31,63.24,140.76
Prod290,Cus020,Mark011,2019-03-20,1,204,INR,-0.06,-12.24,216.24
Prod292,Cus020,Mark011,2019-04-08,1,204,INR,-0.03,-6.12,210.12
Prod279,Cus020,Mark011,2019-04-24,1,204,INR,-0.27,-55.08,259.08
Prod278,Cus020,Mark011,2019-05-02,1,204,INR,-0.2,-40.8,244.8
Prod279,Cus020,Mark011,2019-05-02,1,204,INR,0.37,75.48,128.52
Prod294,Cus020,Mark011,2019-05-02,1,204,INR,-0.27,-55.08,259.08
Prod279,Cus020,Mark011,2019-05-06,1,204,INR,-0.29,-59.16,263.16
Prod278,Cus020,Mark011,2019-05-10,1,204,INR,-0.27,-55.08,259.08
Prod281,Cus020,Mark011,2019-05-13,1,204,INR,0.37,75.48,128.52
Prod279,Cus020,Mark011,2019-05-15,1,204,INR,0.19,38.76,165.24
Prod294,Cus020,Mark011,2019-05-17,1,204,INR,0.15,30.6,173.4
Prod279,Cus020,Mark011,2019-05-21,1,204,INR,-0.3,-61.2,265.2
Prod294,Cus020,Mark011,2019-05-21,1,204,INR,0.09,18.36,185.64
Prod294,Cus020,Mark011,2019-05-22,1,204,INR,0.23,46.92,157.08
Prod065,Cus020,Mark011,2019-05-23,1,204,INR,-0.25,-51,255
Prod279,Cus020,Mark011,2019-05-23,1,204,INR,0.21,42.84,161.16
Prod278,Cus020,Mark011,2019-06-03,1,204,INR,0.37,75.48,128.52
Prod281,Cus020,Mark011,2019-06-03,1,204,INR,0.05,10.2,193.8
Prod278,Cus020,Mark011,2019-06-05,1,204,INR,0.26,53.04,150.96
Prod279,Cus020,Mark011,2019-06-05,1,204,INR,0.13,26.52,177.48
Prod278,Cus020,Mark011,2019-06-06,1,204,INR,-0.12,-24.48,228.48
Prod281,Cus020,Mark011,2019-06-06,1,204,INR,-0.2,-40.8,244.8
Prod278,Cus020,Mark011,2019-06-10,1,204,INR,0.16,32.64,171.36
Prod278,Cus020,Mark011,2019-06-11,1,204,INR,0.15,30.6,173.4
Prod278,Cus020,Mark011,2019-06-14,1,204,INR,0.16,32.64,171.36
Prod279,Cus020,Mark011,2019-06-21,1,204,INR,-0.25,-51,255
Prod278,Cus020,Mark011,2019-06-24,1,204,INR,-0.09,-18.36,222.36
Prod279,Cus020,Mark011,2019-06-25,1,204,INR,-0.35,-71.4,275.4
Prod294,Cus020,Mark011,2019-06-25,1,204,INR,0.17,34.68,169.32
Prod278,Cus020,Mark011,2019-06-25,1,204,INR,-0.29,-59.16,263.16
Prod294,Cus020,Mark011,2019-07-01,1,204,INR,-0.07,-14.28,218.28
Prod279,Cus020,Mark011,2019-07-09,1,204,INR,-0.05,-10.2,214.2
Prod278,Cus020,Mark011,2019-07-15,1,204,INR,-0.33,-67.32,271.32
Prod065,Cus020,Mark011,2019-07-22,1,204,INR,-0.06,-12.24,216.24
Prod278,Cus020,Mark011,2019-07-22,1,204,INR,0.09,18.36,185.64
Prod279,Cus020,Mark011,2019-07-23,1,204,INR,-0.05,-10.2,214.2
Prod281,Cus020,Mark011,2019-07-26,1,204,INR,0.05,10.2,193.8
Prod278,Cus020,Mark011,2019-08-20,1,204,INR,0.15,30.6,173.4
Prod278,Cus020,Mark011,2019-08-23,1,204,INR,0.24,48.96,155.04
Prod279,Cus020,Mark011,2019-08-23,1,204,INR,-0.28,-57.12,261.12
Prod278,Cus020,Mark011,2019-08-26,1,204,INR,0.07,14.28,189.72
Prod279,Cus020,Mark011,2019-08-26,1,204,INR,-0.17,-34.68,238.68
Prod278,Cus020,Mark011,2019-08-28,1,204,INR,-0.34,-69.36,273.36
Prod279,Cus020,Mark011,2019-08-29,1,204,INR,0.09,18.36,185.64
Prod278,Cus020,Mark011,2019-09-02,1,204,INR,-0.16,-32.64,236.64
Prod278,Cus020,Mark011,2019-09-05,1,204,INR,0.12,24.48,179.52
Prod279,Cus020,Mark011,2019-09-05,1,204,INR,-0.19,-38.76,242.76
Prod294,Cus020,Mark011,2019-09-06,1,204,INR,0.36,73.44,130.56
Prod278,Cus020,Mark011,2019-09-13,1,204,INR,-0.15,-30.6,234.6
Prod279,Cus020,Mark011,2019-09-13,1,204,INR,0.2,40.8,163.2
Prod278,Cus020,Mark011,2019-09-24,1,204,INR,-0.23,-46.92,250.92
Prod279,Cus020,Mark011,2019-09-24,1,204,INR,-0.12,-24.48,228.48
Prod279,Cus020,Mark011,2019-09-27,1,204,INR,0.13,26.52,177.48
Prod279,Cus020,Mark011,2019-09-30,1,204,INR,0.04,8.16,195.84
Prod279,Cus020,Mark011,2019-10-01,1,204,INR,0.39,79.56,124.44
Prod279,Cus020,Mark011,2019-10-03,1,204,INR,-0.09,-18.36,222.36
Prod278,Cus020,Mark011,2019-10-03,1,204,INR,0.33,67.32,136.68
Prod278,Cus020,Mark011,2019-10-04,1,204,INR,-0.2,-40.8,244.8
Prod278,Cus020,Mark011,2019-10-07,1,204,INR,-0.14,-28.56,232.56
Prod278,Cus020,Mark011,2019-10-17,1,204,INR,0.09,18.36,185.64
Prod278,Cus020,Mark011,2019-10-21,1,204,INR,-0.14,-28.56,232.56
Prod279,Cus020,Mark011,2019-10-24,1,204,INR,-0.26,-53.04,257.04
Prod294,Cus020,Mark011,2019-10-24,1,204,INR,0.13,26.52,177.48
Prod279,Cus020,Mark011,2019-10-29,1,204,INR,0.09,18.36,185.64
Prod279,Cus020,Mark011,2019-11-04,1,204,INR,-0.25,-51,255
Prod278,Cus020,Mark011,2019-11-06,1,204,INR,0.13,26.52,177.48
Prod279,Cus020,Mark011,2019-11-07,1,204,INR,-0.21,-42.84,246.84
Prod278,Cus020,Mark011,2019-11-13,1,204,INR,0,0,204
Prod279,Cus020,Mark011,2019-12-02,1,204,INR,0.14,28.56,175.44
Prod278,Cus020,Mark011,2019-12-03,1,204,INR,-0.35,-71.4,275.4
Prod278,Cus020,Mark011,2019-12-16,1,204,INR,0.39,79.56,124.44
Prod279,Cus020,Mark011,2019-12-20,1,204,INR,0.21,42.84,161.16
Prod279,Cus020,Mark011,2019-12-24,1,204,INR,-0.33,-67.32,271.32
Prod294,Cus020,Mark011,2020-01-02,1,204,INR,-0.24,-48.96,252.96
Prod292,Cus020,Mark011,2020-01-16,1,204,INR,0.01,2.04,201.96
Prod278,Cus020,Mark011,2020-01-17,1,204,INR,-0.07,-14.28,218.28
Prod290,Cus020,Mark011,2020-01-21,1,204,INR,0.28,57.12,146.88
Prod292,Cus020,Mark011,2020-01-22,1,204,INR,-0.22,-44.88,248.88
Prod292,Cus020,Mark011,2020-01-27,1,204,INR,0.11,22.44,181.56
Prod131,Cus020,Mark011,2020-01-28,1,204,INR,0.24,48.96,155.04
Prod292,Cus020,Mark011,2020-01-30,1,204,INR,-0.28,-57.12,261.12
Prod131,Cus020,Mark011,2020-01-31,1,204,INR,-0.09,-18.36,222.36
Prod290,Cus020,Mark011,2020-02-03,1,204,INR,0.07,14.28,189.72
Prod292,Cus020,Mark011,2020-02-03,1,204,INR,0.07,14.28,189.72
Prod292,Cus020,Mark011,2020-02-10,1,204,INR,-0.04,-8.16,212.16
Prod290,Cus020,Mark011,2020-02-11,1,204,INR,0.2,40.8,163.2
Prod292,Cus020,Mark011,2020-02-11,1,204,INR,0.32,65.28,138.72
Prod290,Cus020,Mark011,2020-02-14,1,204,INR,0.36,73.44,130.56
Prod058,Cus020,Mark011,2020-02-19,1,204,INR,-0.14,-28.56,232.56
Prod290,Cus020,Mark011,2020-02-21,1,204,INR,-0.25,-51,255
Prod131,Cus020,Mark011,2020-02-27,1,204,INR,-0.14,-28.56,232.56
Prod292,Cus020,Mark011,2020-02-27,1,204,INR,-0.04,-8.16,212.16
Prod290,Cus020,Mark011,2020-02-28,1,204,INR,-0.26,-53.04,257.04
Prod057,Cus020,Mark011,2020-03-11,1,204,INR,0.39,79.56,124.44
Prod057,Cus020,Mark011,2020-03-16,1,204,INR,0.04,8.16,195.84
Prod292,Cus020,Mark011,2020-03-17,1,204,INR,0.37,75.48,128.52
Prod290,Cus020,Mark011,2020-03-17,1,204,INR,-0.13,-26.52,230.52
Prod057,Cus020,Mark011,2020-03-20,1,204,INR,-0.07,-14.28,218.28
Prod292,Cus020,Mark011,2020-03-20,1,204,INR,0.29,59.16,144.84
Prod131,Cus020,Mark011,2020-03-23,1,204,INR,0.15,30.6,173.4
Prod290,Cus020,Mark011,2020-04-01,1,204,INR,0.18,36.72,167.28
Prod292,Cus020,Mark011,2020-04-07,1,204,INR,-0.29,-59.16,263.16
Prod292,Cus020,Mark011,2020-04-08,1,204,INR,0.23,46.92,157.08
Prod290,Cus020,Mark011,2020-04-08,1,204,INR,0.11,22.44,181.56
Prod292,Cus020,Mark011,2020-04-17,1,204,INR,-0.27,-55.08,259.08
Prod292,Cus020,Mark011,2020-04-23,1,204,INR,0.34,69.36,134.64
Prod290,Cus020,Mark011,2020-04-23,1,204,INR,0.25,51,153
Prod131,Cus020,Mark011,2020-04-29,1,204,INR,0.16,32.64,171.36
Prod290,Cus020,Mark011,2020-04-30,1,204,INR,-0.32,-65.28,269.28
Prod281,Cus020,Mark011,2020-05-05,1,204,INR,0.36,73.44,130.56
Prod290,Cus020,Mark011,2020-05-05,1,204,INR,0.17,34.68,169.32
Prod290,Cus020,Mark011,2020-05-12,1,204,INR,-0.03,-6.12,210.12
Prod290,Cus020,Mark011,2020-05-14,1,204,INR,0.32,65.28,138.72
Prod290,Cus020,Mark011,2020-05-25,1,204,INR,-0.13,-26.52,230.52
Prod290,Cus020,Mark011,2020-05-26,1,204,INR,-0.14,-28.56,232.56
Prod292,Cus020,Mark011,2020-06-09,1,204,INR,0.35,71.4,132.6
Prod290,Cus020,Mark011,2020-06-11,1,204,INR,-0.16,-32.64,236.64
Prod292,Cus020,Mark011,2020-06-15,1,204,INR,0.27,55.08,148.92
Prod270,Cus020,Mark011,2017-10-19,1,106,INR,-0.08,-8.48,114.48
Prod279,Cus020,Mark011,2017-10-26,1,106,INR,-0.33,-34.98,140.98
Prod294,Cus020,Mark011,2017-10-30,1,106,INR,-0.16,-16.96,122.96
Prod279,Cus020,Mark011,2017-10-30,1,106,INR,0.07,7.42,98.58
Prod279,Cus020,Mark011,2017-10-31,1,106,INR,0.08,8.48,97.52
Prod270,Cus020,Mark011,2017-11-06,1,106,INR,0.3,31.8,74.2
Prod270,Cus020,Mark011,2017-11-09,1,106,INR,0.15,15.9,90.1
Prod278,Cus020,Mark011,2017-11-13,1,106,INR,0.17,18.02,87.98
Prod278,Cus020,Mark011,2017-11-16,1,106,INR,0.27,28.62,77.38
Prod279,Cus020,Mark011,2017-11-17,1,106,INR,-0.14,-14.84,120.84
Prod294,Cus020,Mark011,2017-11-20,1,106,INR,0.05,5.3,100.7
Prod278,Cus020,Mark011,2017-11-21,1,106,INR,-0.29,-30.74,136.74
Prod279,Cus020,Mark011,2017-11-21,1,106,INR,0.34,36.04,69.96
Prod278,Cus020,Mark011,2017-11-23,1,106,INR,0.24,25.44,80.56
Prod278,Cus020,Mark011,2017-11-27,1,106,INR,0.36,38.16,67.84
Prod278,Cus020,Mark011,2017-12-04,1,106,INR,-0.13,-13.78,119.78
Prod279,Cus020,Mark011,2017-12-04,1,106,INR,0.15,15.9,90.1
Prod278,Cus020,Mark011,2017-12-07,1,106,INR,0.04,4.24,101.76
Prod279,Cus020,Mark011,2017-12-11,1,106,INR,-0.32,-33.92,139.92
Prod278,Cus020,Mark011,2017-12-22,1,106,INR,-0.01,-1.06,107.06
Prod279,Cus020,Mark011,2017-12-28,1,106,INR,-0.35,-37.1,143.1
Prod278,Cus020,Mark011,2018-01-02,1,106,INR,0.24,25.44,80.56
Prod278,Cus020,Mark011,2018-01-08,1,106,INR,0,0,106
Prod278,Cus020,Mark011,2018-01-09,1,106,INR,0.17,18.02,87.98
Prod279,Cus020,Mark011,2018-01-09,1,106,INR,-0.31,-32.86,138.86
Prod278,Cus020,Mark011,2018-01-10,1,106,INR,0.39,41.34,64.66
Prod294,Cus020,Mark011,2018-01-11,1,106,INR,0.32,33.92,72.08
Prod279,Cus020,Mark011,2018-01-19,1,106,INR,0.16,16.96,89.04
Prod279,Cus020,Mark011,2018-01-23,1,106,INR,-0.17,-18.02,124.02
Prod279,Cus020,Mark011,2018-01-24,1,106,INR,-0.2,-21.2,127.2
Prod279,Cus020,Mark011,2018-01-25,1,106,INR,-0.1,-10.6,116.6
Prod278,Cus020,Mark011,2018-01-29,1,106,INR,0.33,34.98,71.02
Prod279,Cus020,Mark011,2018-01-31,1,106,INR,0.38,40.28,65.72
Prod278,Cus020,Mark011,2018-01-31,1,106,INR,-0.09,-9.54,115.54
Prod279,Cus020,Mark011,2018-02-08,1,106,INR,-0.09,-9.54,115.54
Prod294,Cus020,Mark011,2018-02-09,1,106,INR,0.39,41.34,64.66
Prod294,Cus020,Mark011,2018-02-13,1,106,INR,0.37,39.22,66.78
Prod278,Cus020,Mark011,2018-02-14,1,106,INR,0.39,41.34,64.66
Prod279,Cus020,Mark011,2018-02-14,1,106,INR,0.39,41.34,64.66
Prod278,Cus020,Mark011,2018-02-16,1,106,INR,0.14,14.84,91.16
Prod278,Cus020,Mark011,2018-02-21,1,106,INR,-0.35,-37.1,143.1
Prod279,Cus020,Mark011,2018-02-21,1,106,INR,0.21,22.26,83.74
Prod279,Cus020,Mark011,2018-02-27,1,106,INR,-0.03,-3.18,109.18
Prod294,Cus020,Mark011,2018-02-27,1,106,INR,-0.05,-5.3,111.3
Prod269,Cus020,Mark011,2018-03-13,1,106,INR,0.06,6.36,99.64
Prod269,Cus020,Mark011,2018-03-14,1,106,INR,-0.05,-5.3,111.3
Prod270,Cus020,Mark011,2018-03-14,1,106,INR,0.4,42.4,63.6
Prod269,Cus020,Mark011,2018-03-19,1,106,INR,-0.22,-23.32,129.32
Prod270,Cus020,Mark011,2018-03-20,1,106,INR,-0.09,-9.54,115.54
Prod269,Cus020,Mark011,2018-03-30,1,106,INR,-0.08,-8.48,114.48
Prod270,Cus020,Mark011,2018-04-06,1,106,INR,0.01,1.06,104.94
Prod270,Cus020,Mark011,2018-04-10,1,106,INR,0.29,30.74,75.26
Prod270,Cus020,Mark011,2018-04-16,1,106,INR,0.08,8.48,97.52
Prod269,Cus020,Mark011,2018-04-17,1,106,INR,0.09,9.54,96.46
Prod270,Cus020,Mark011,2018-04-17,1,106,INR,-0.32,-33.92,139.92
Prod270,Cus020,Mark011,2018-04-26,1,106,INR,0.22,23.32,82.68
Prod269,Cus020,Mark011,2018-05-04,1,106,INR,-0.18,-19.08,125.08
Prod269,Cus020,Mark011,2018-05-07,1,106,INR,-0.16,-16.96,122.96
Prod269,Cus020,Mark011,2018-05-08,1,106,INR,0.24,25.44,80.56
Prod269,Cus020,Mark011,2018-05-11,1,106,INR,0.04,4.24,101.76
Prod269,Cus020,Mark011,2018-05-16,1,106,INR,-0.35,-37.1,143.1
Prod269,Cus020,Mark011,2018-05-21,1,106,INR,0.2,21.2,84.8
Prod269,Cus020,Mark011,2018-05-23,1,106,INR,0.4,42.4,63.6
Prod270,Cus020,Mark011,2018-05-25,1,106,INR,-0.19,-20.14,126.14
Prod269,Cus020,Mark011,2018-05-31,1,106,INR,-0.14,-14.84,120.84
Prod270,Cus020,Mark011,2018-05-31,1,106,INR,-0.17,-18.02,124.02
Prod269,Cus020,Mark011,2018-06-08,1,106,INR,0.23,24.38,81.62
Prod270,Cus020,Mark011,2018-06-08,1,106,INR,0.11,11.66,94.34
Prod269,Cus020,Mark011,2018-06-15,1,106,INR,0.22,23.32,82.68
Prod269,Cus020,Mark011,2018-06-18,1,106,INR,0.18,19.08,86.92
Prod269,Cus020,Mark011,2018-06-20,1,106,INR,-0.26,-27.56,133.56
Prod270,Cus020,Mark011,2018-06-20,1,106,INR,-0.27,-28.62,134.62
Prod269,Cus020,Mark011,2018-06-22,1,106,INR,0.01,1.06,104.94
Prod270,Cus020,Mark011,2018-06-25,1,106,INR,0.11,11.66,94.34
Prod269,Cus020,Mark011,2018-06-26,1,106,INR,-0.04,-4.24,110.24
Prod270,Cus020,Mark011,2018-06-26,1,106,INR,-0.14,-14.84,120.84
Prod270,Cus020,Mark011,2018-07-02,1,106,INR,-0.2,-21.2,127.2
Prod269,Cus020,Mark011,2018-07-02,1,106,INR,0.06,6.36,99.64
Prod269,Cus020,Mark011,2018-07-04,1,106,INR,-0.08,-8.48,114.48
Prod270,Cus020,Mark011,2018-07-05,1,106,INR,0,0,106
Prod270,Cus020,Mark011,2018-07-10,1,106,INR,0.03,3.18,102.82
Prod269,Cus020,Mark011,2018-07-16,1,106,INR,-0.26,-27.56,133.56
Prod269,Cus020,Mark011,2018-07-18,1,106,INR,0.34,36.04,69.96
Prod269,Cus020,Mark011,2018-07-20,1,106,INR,0.15,15.9,90.1
Prod270,Cus020,Mark011,2018-07-20,1,106,INR,0.36,38.16,67.84
Prod269,Cus020,Mark011,2018-07-24,1,106,INR,0.18,19.08,86.92
Prod269,Cus020,Mark011,2018-08-09,1,106,INR,0.4,42.4,63.6
Prod270,Cus020,Mark011,2018-08-09,1,106,INR,-0.24,-25.44,131.44
Prod269,Cus020,Mark011,2018-08-30,1,106,INR,-0.16,-16.96,122.96
Prod269,Cus020,Mark011,2018-08-31,1,106,INR,-0.08,-8.48,114.48
Prod270,Cus020,Mark011,2018-08-31,1,106,INR,0.39,41.34,64.66
Prod270,Cus020,Mark011,2018-09-03,1,106,INR,0.01,1.06,104.94
Prod269,Cus020,Mark011,2018-09-06,1,106,INR,-0.18,-19.08,125.08
Prod269,Cus020,Mark011,2018-09-13,1,106,INR,-0.19,-20.14,126.14
Prod269,Cus020,Mark011,2018-09-21,1,106,INR,-0.18,-19.08,125.08
Prod269,Cus020,Mark011,2018-09-24,1,106,INR,0,0,106
